,hold_r,hold_Key.space,hold_l,hold_i,hold_k,hold_e,hold_g,hold_t,hold_h,hold_c,hold_d,hold_w,hold_o,hold_u,hold_a,hold_s,hold_n,dd_mean,dd_std,dd_min,dd_max,dd_e_Key.space,dd_t_Key.space,dd_Key.backspace_Key.backspace,dd_Key.space_w,dd_d_Key.space,dd_n_Key.space,dd_r_Key.space,dd_i_n,dd_e_r,dd_Key.space_a,dd_t_h,dd_e_a,dd_o_u,dd_Key.space_s,dd_h_o,dd_Key.space_t,dd_Key.space_p,dd_y_Key.space,dd_o_Key.space,dd_a_n,label,hold_f,hold_y,hold_=,hold_Key.backspace,hold_Key.esc,hold_p,hold_v,hold_m,hold_b,hold_Key.ctrl_l,"hold_,",hold_[,hold_j,hold_x,hold_Key.left,hold_Key.right,hold_Key.enter,hold_Key.shift,hold_Key.cmd,hold_Key.down,hold_Key.up,hold_Key.tab,hold_Key.alt_l
0,0.1082909107208252,0.10826674103736877,0.1139521598815918,0.12389059861501057,0.1392909288406372,0.13467907905578613,0.12121772766113281,0.11632561683654785,0.12824612855911255,0.11774814128875732,0.11142468452453613,0.1390666961669922,0.13754725456237793,0.10291171073913574,0.11825734376907349,0.10672390460968018,0.12349224090576172,0.29924732811596927,0.24183099809241582,0.10331249237060547,1.214428186416626,0.14707636833190918,0.1566765308380127,0.0,0.8908810615539551,0.1569063663482666,0.0,0.1058506965637207,0.19597196578979492,0.0,0.39665687084198,0.1458888053894043,0.19936656951904297,0.2702977657318115,0.0,0.28427982330322266,0.5954644680023193,0.0,0.0,0.2351064682006836,0.0,advait,0.0,0.0,0.0,0.0,0.0,0.0,0.0,0.0,0.0,0.0,0.0,0.0,0.0,0.0,0.0,0.0,0.0,0.0,0.0,0.0,0.0,0.0,0.0
1,0.0,0.13496600257025826,0.1391162872314453,0.135384202003479,0.0,0.11673593521118164,0.16245222091674805,0.11757785081863403,0.12214559316635132,0.11691443125406902,0.12210464477539062,0.10527962446212769,0.1275247097015381,0.11005103588104248,0.0,0.1329481601715088,0.13136760393778482,35070.47159407577,245490.16547821724,0.09086775779724121,1718431.6062922478,0.0,0.1453429857889811,0.0,0.6837334632873535,0.1534581184387207,0.18092751502990723,0.0,0.2058091163635254,0.0,0.0,0.0,0.0,0.26436471939086914,0.6439661979675293,0.26025891304016113,0.37351346015930176,0.0,0.0,0.2058701515197754,0.0,advait,0.08468079566955566,0.11990714073181152,0.06743192672729492,0.0855863094329834,0.19638323783874512,0.0,0.0,0.0,0.0,0.0,0.0,0.0,0.0,0.0,0.0,0.0,0.0,0.0,0.0,0.0,0.0,0.0,0.0
2,0.10067164897918701,0.09379616379737854,0.09689521789550781,0.10599470138549805,0.0,0.12299007177352905,0.0,0.08563121159871419,0.1008223295211792,0.0,0.12885411580403647,0.14754660924275717,0.09684411684672038,0.10338151454925537,0.16121792793273926,0.11390161514282227,0.0,0.2616375125184351,0.16840407408752076,0.06473684310913086,0.8703062534332275,0.18474459648132324,0.0924067497253418,0.1917165756225586,0.0,0.14135217666625977,0.0,0.10125875473022461,0.0,0.21037721633911133,0.0,0.0,0.0,0.24510622024536133,0.3027040958404541,0.3072417974472046,0.0,0.4811885356903076,0.1271677017211914,0.0,0.0,advait,0.11646497249603271,0.07950139045715332,0.0,0.0854429304599762,0.0,0.10846161842346191,0.07350778579711914,0.0,0.0,0.0,0.0,0.0,0.0,0.0,0.0,0.0,0.0,0.0,0.0,0.0,0.0,0.0,0.0
3,0.12071776390075684,0.11720752716064453,0.11753687858581544,0.06469964981079102,0.0,0.13626451492309571,0.08106637001037598,0.128193199634552,0.12940645217895508,0.0,0.15371012687683105,0.12399482727050781,0.10659945011138916,0.10436868667602539,0.14295592308044433,0.0,0.1466974417368571,0.28239593700486787,0.19829967600424178,0.10099482536315918,0.9582862854003906,0.21196603775024414,0.14594626426696777,0.0,0.0,0.0,0.20209097862243652,0.1395195722579956,0.0,0.2281322479248047,0.19223260879516602,0.11378765106201172,0.23988735675811768,0.0,0.0,0.0,0.1748201847076416,0.0,0.3180661201477051,0.0,0.14384865760803223,advait,0.11990833282470703,0.08349847793579102,0.0,0.09140539169311523,0.0,0.0,0.10041546821594238,0.13344860076904297,0.0,0.0,0.0,0.0,0.0,0.0,0.0,0.0,0.0,0.0,0.0,0.0,0.0,0.0,0.0
4,0.10193777084350586,0.1038865778181288,0.1361027956008911,0.049016475677490234,0.0,0.1174120306968689,0.0,0.12147796154022217,0.1222536563873291,0.0,0.0,0.1159811019897461,0.10162019729614258,0.13936662673950195,0.18265175819396973,0.14093550046284994,0.08347469568252563,0.5093635053050761,1.1037953832467642,0.05795884132385254,7.533457279205322,0.12184453010559082,0.18113815784454346,0.0,0.0,0.0,0.1883927583694458,0.11996793746948242,0.14107632637023926,0.19336509704589844,0.0,0.0,0.20696806907653809,0.0,0.38616347312927246,0.5434679985046387,0.0,0.0,0.0,0.0,0.0,advait,0.09783363342285156,0.09314322471618652,0.0,0.10112428665161133,0.0,0.0,0.0878603458404541,0.0,0.10300683975219727,0.9576549530029297,0.11858916282653809,0.0,0.0,0.0,0.0,0.0,0.0,0.0,0.0,0.0,0.0,0.0,0.0
5,0.10777600606282552,0.10851719379425048,0.109782874584198,0.08668788274129231,0.09739601612091064,0.09716591835021973,0.0,0.11689591407775879,0.09575557708740234,0.0,0.11156046390533447,0.0,0.11470627784729004,0.09196329116821289,0.12782669067382812,0.0,0.1256991227467855,0.26487777671035456,0.19788204279112204,0.07972049713134766,0.7852745056152344,0.12423872947692871,0.0,0.12523221969604492,0.0,0.0,0.0,0.10049962997436523,0.13584208488464355,0.17884564399719238,0.26150083541870117,0.16137957572937012,0.0,0.0,0.0,0.0,0.7720417976379395,0.0,0.15648317337036133,0.0,0.15570545196533203,advait,0.11554487546284993,0.07077360153198242,0.0,0.08119750022888184,0.0,0.08185744285583496,0.08191871643066406,0.11494278907775879,0.08698105812072754,0.0,0.0,0.0,0.0,0.0,0.0,0.0,0.0,0.0,0.0,0.0,0.0,0.0,0.0
6,0.1095427672068278,0.10295022858513726,0.0907973051071167,0.06288385391235352,0.0,0.12384173274040222,0.09795475006103516,0.11721523602803548,0.09875226020812988,0.0,0.0,0.13439297676086426,0.09442644119262696,0.0,0.13284456729888916,0.0,0.08684166272481282,0.49839127793604016,1.8013836575060873,0.08418822288513184,12.80554485321045,0.16808613141377768,0.12479209899902344,0.0,0.0,0.0,0.19736015796661377,0.0,0.0,0.21976780891418457,0.0,0.1230936050415039,0.0,0.0,0.0,0.24879884719848633,0.30410289764404297,0.6615519523620605,0.0,0.1654977798461914,0.0,advait,0.12200260162353516,0.0,0.0,0.0,0.0,0.10434412956237793,0.08894832928975423,0.1297205686569214,0.0,0.0,0.0,0.0,0.0,0.0,0.0,0.0,0.0,0.0,0.0,0.0,0.0,0.0,0.0
7,0.10367259979248047,0.10528397560119629,0.09803509712219238,0.0,0.10184907913208008,0.11655184200831822,0.07740068435668945,0.08140087127685547,0.0,0.12391042709350586,0.1016530990600586,0.139174222946167,0.08869695663452148,0.08712100982666016,0.11420178413391113,0.13340210914611816,0.11041593551635742,0.29101644730081366,0.27502659434953747,0.0792229175567627,1.198796033859253,0.09690642356872559,0.11059904098510742,0.11853349208831787,0.0,0.13512349128723145,0.15976428985595703,0.1306476593017578,0.0,0.4005701541900635,0.0,0.0,0.1409769058227539,0.0,0.2961118221282959,0.0,0.0,0.5711472034454346,0.0,0.0,0.0,advait,0.0,0.0,0.0,0.05389777819315592,0.0,0.07102425893147786,0.09002017974853516,0.08581066131591797,0.10384690761566162,0.0,0.0,0.07582998275756836,0.0,0.0,0.0,0.0,0.0,0.0,0.0,0.0,0.0,0.0,0.0
8,0.1127389669418335,0.09443429112434387,0.11146330833435059,0.09427833557128906,0.0,0.11173243522644043,0.09204268455505371,0.09060659408569335,0.10317047437032063,0.0,0.11413192749023438,0.1264016032218933,0.09659910202026367,0.03310394287109375,0.13630278905232748,0.09683823585510254,0.11731076240539551,0.3360408130957156,0.4452237547896638,0.07693099975585938,2.6229746341705322,0.09862256050109863,0.130318284034729,0.0,0.3526822328567505,0.15091419219970703,0.0,0.12679791450500488,0.18497157096862793,0.22606420516967773,0.0,0.0,0.17887306213378906,0.0,0.0,0.24687695503234863,0.0,0.0,0.0,0.1967017650604248,0.0,advait,0.10651524861653645,0.0,0.0,0.06125044822692871,0.0,0.0,0.0,0.105712890625,0.0,0.7317745685577393,0.0,0.0,0.0,0.0,0.0,0.0,0.0,0.0,0.0,0.0,0.0,0.0,0.0
9,0.12097692489624023,0.07844501071506077,0.13171148300170898,0.08675932884216309,0.08461618423461914,0.107585608959198,0.0,0.1080964207649231,0.08859908580780029,0.0,0.10888850688934326,0.134674072265625,0.09122093518575032,0.07808518409729004,0.14063745737075806,0.10098719596862793,0.10526382923126221,0.24700805119105748,0.1665573871890062,0.024040699005126953,0.7418069839477539,0.097076416015625,0.12051606178283691,0.0,0.692110538482666,0.10055232048034668,0.0,0.1582622528076172,0.0,0.20441985130310059,0.1919703483581543,0.1759014129638672,0.18863463401794434,0.0,0.49750208854675293,0.0,0.0,0.45677733421325684,0.17046737670898438,0.0,0.12644481658935547,advait,0.11205363273620605,0.06357502937316895,0.0,0.11214256286621094,0.0,0.13689112663269043,0.0,0.0,0.09578180313110352,0.0,0.0,0.0,0.08709836006164551,0.0,0.0,0.0,0.0,0.0,0.0,0.0,0.0,0.0,0.0
10,0.124573548634847,0.10235512256622314,0.11974883079528809,0.10029983520507812,0.0,0.10976022481918335,0.0863802433013916,0.11647593975067139,0.09961573282877605,0.0,0.11085319519042969,0.12881207466125488,0.10801249742507935,0.09419035911560059,0.14015567302703857,0.0,0.09993672370910645,0.26171769901197783,0.18826714624808924,0.06763982772827148,0.71254563331604,0.10109575589497884,0.1349794864654541,0.12895512580871582,0.6653292179107666,0.13871097564697266,0.20697760581970215,0.14134883880615234,0.16920876502990723,0.0,0.6020572185516357,0.11314749717712402,0.0,0.26750755310058594,0.0,0.0,0.2489168643951416,0.5692662000656128,0.0,0.0,0.0,advait,0.11048150062561035,0.0,0.0,0.09046053886413574,0.0,0.11787617206573486,0.053557634353637695,0.0,0.09307527542114258,0.0,0.0,0.0,0.0,0.0,0.0,0.0,0.0,0.0,0.0,0.0,0.0,0.0,0.0
11,0.11612281799316407,0.116411954164505,0.13451218605041504,0.09704017639160156,0.13443732261657715,0.1060290813446045,0.0,0.12296628952026367,0.0928337574005127,0.09528923034667969,0.14582574367523193,0.1463795304298401,0.11257362365722656,0.1409320831298828,0.0,0.11147475242614746,0.11614314715067546,0.3223961305618286,0.5914306888443495,0.07799434661865234,4.217110633850098,0.0,0.0,0.0,0.29318225383758545,0.1352623701095581,0.0,0.12247633934020996,0.16201567649841309,0.25640177726745605,0.0,0.14579975605010986,0.0,0.0,0.0,0.20150232315063477,0.3818624019622803,0.48017430305480957,0.0,0.0,0.12909698486328125,advait,0.0,0.0,0.0,0.0,0.0,0.13976526260375977,0.09779500961303711,0.11650371551513672,0.09848999977111816,0.0,0.0,0.0,0.0,0.0,0.0,0.0,0.0,0.0,0.0,0.0,0.0,0.0,0.0
12,0.17495441436767578,0.10385349061754015,0.10009384155273438,0.0,0.0,0.11915363205803765,0.0,0.1236720085144043,0.10349337259928386,0.12026349703470866,0.13450098037719727,0.10421586036682129,0.10790610313415527,0.11012387275695801,0.14172756671905518,0.10115222930908203,0.0,0.31730636954307556,0.2449326905789694,0.0777745246887207,1.023332118988037,0.1140594482421875,0.0,0.16464853286743164,0.3894789218902588,0.0,0.0,0.5423502922058105,0.0,0.0,0.0,0.12517333030700684,0.16988817850748697,0.0,0.0,0.0,0.4546012878417969,0.0,0.0,0.0,0.0,advait,0.0,0.08187532424926758,0.0,0.08958494663238525,0.0,0.0,0.0,0.13431215286254883,0.07699918746948242,0.0,0.0,0.0,0.0,0.0,0.0,0.0,0.0,0.0,0.0,0.0,0.0,0.0,0.0
13,0.12271451950073242,0.10965629986354283,0.12083673477172852,0.11680181821187337,0.0,0.12308756510416667,0.07922792434692383,0.11823606491088867,0.10379934310913086,0.1172407865524292,0.1300715208053589,0.12991929054260254,0.09478652477264404,0.08187329769134521,0.0,0.10956501960754395,0.09903812408447266,0.3381347169681471,0.6111192437598558,0.08479809761047363,4.298140048980713,0.1154024600982666,0.0,0.1197052001953125,0.5496389865875244,0.17242145538330078,0.0,0.0,0.18608498573303223,0.0,0.0,0.0,0.0,0.26913928985595703,0.27985358238220215,0.27751946449279785,0.4430270195007324,0.5470902919769287,0.0,0.0,0.0,advait,0.11039042472839355,0.0,0.0,0.06757124265034993,0.0,0.11226240793863933,0.11210405826568604,0.10931718349456787,0.10728859901428223,0.0,0.0,0.0,0.0,0.0,0.0,0.0,0.0,0.0,0.0,0.0,0.0,0.0,0.0
14,0.09060502052307129,0.1200713027607311,0.0,0.0,0.09034872055053711,0.09787170092264812,0.10760378837585449,0.11559939384460449,0.10380077362060547,0.11776149272918701,0.0,0.11405998468399048,0.10816612243652343,0.07119512557983398,0.13773155212402344,0.0,0.12239348888397217,0.2731259550367083,0.17409347783616252,0.0036602020263671875,0.8617744445800781,0.0840306282043457,0.13813650608062744,0.16231369972229004,0.40959370136260986,0.0,0.17403650283813477,0.265716552734375,0.0,0.0,0.0,0.0,0.0,0.0,0.0,0.0,0.1804046630859375,0.0,0.0,0.20435571670532227,0.09203052520751953,advait,0.15122270584106445,0.0,0.0,0.06789846420288086,0.0,0.13805556297302246,0.0,0.14074134826660156,0.0,0.0,0.0,0.0,0.0,0.0,0.0,0.0,0.0,0.0,0.0,0.0,0.0,0.0,0.0
15,0.0,0.1034737229347229,0.0,0.0793917179107666,0.0,0.12454044818878174,0.06131112575531006,0.11526131629943848,0.09141331911087036,0.12230873107910156,0.09046316146850586,0.12826013565063477,0.11685705184936523,0.08521246910095215,0.11985129117965698,0.11736742655436198,0.09124271074930827,0.29171933933180205,0.2922275852872597,0.0628502368927002,1.6471261978149414,0.13229990005493164,0.16127371788024902,0.14699089527130127,0.2793428897857666,0.0,0.0,0.0,0.0,0.0,0.0,0.13138604164123535,0.0,0.19424724578857422,0.14452433586120605,0.17361068725585938,0.0,0.0,0.1440117359161377,0.20275640487670898,0.08133769035339355,advait,0.0,0.09358727931976318,0.0,0.09182459115982056,0.0,0.0,0.0,0.17797255516052246,0.0,0.5714304447174072,0.10043025016784668,0.0,0.0,0.0,0.0,0.0,0.0,0.0,0.0,0.0,0.0,0.0,0.0
16,0.10104727745056152,0.09945647716522217,0.07899487018585205,0.0971224308013916,0.1123201847076416,0.12149457136789958,0.0,0.0,0.09487676620483398,0.0,0.1090700626373291,0.11956030130386353,0.10092508792877197,0.09026265144348145,0.12770438194274902,0.0,0.09959834814071655,0.25730466842651367,0.20342232948175712,0.06577658653259277,1.0370259284973145,0.10745962460835774,0.0,0.0,0.3830273151397705,0.1090700626373291,0.15797162055969238,0.10262548923492432,0.0,0.2142972151438395,0.11719918251037598,0.0,0.0,0.0,0.0,0.657806396484375,0.0,0.0,0.19125187397003174,0.0,0.12578487396240234,advait,0.0,0.11582601070404053,0.0,0.0,0.0,0.0,0.07782125473022461,0.10539698600769043,0.10855436325073242,0.0,0.0,0.0,0.0,0.0,0.0,0.0,0.0,0.0,0.0,0.0,0.0,0.0,0.0
17,0.10781850814819335,0.11068134837680393,0.12584972381591797,0.03649115562438965,0.0,0.12274730205535889,0.0,0.10315835475921631,0.08250784873962402,0.12467312812805176,0.12305394808451335,0.0,0.12092804908752441,0.08307814598083496,0.14006693022591726,0.11676510175069173,0.10223495960235596,0.2757761429767219,0.17709746738968585,0.08917450904846191,0.7657649517059326,0.13783931732177734,0.10077297687530518,0.0,0.0,0.19775056838989258,0.0,0.0,0.4992485046386719,0.0,0.3990824222564697,0.0,0.14841628074645996,0.3074605464935303,0.2842886447906494,0.0,0.0,0.6106584072113037,0.19501924514770508,0.0,0.11807370185852051,advait,0.11564350128173828,0.10317111015319824,0.0,0.0,0.0,0.09834492206573486,0.0,0.05019712448120117,0.0,0.0,0.0,0.0,0.0,0.0,0.0,0.0,0.0,0.0,0.0,0.0,0.0,0.0,0.0
18,0.0,0.09587862756517199,0.11430168151855469,0.08527302742004395,0.0,0.10519763827323914,0.1108243465423584,0.1069750189781189,0.08638608455657959,0.1218191385269165,0.0,0.0,0.09599578380584717,0.05714070796966553,0.11884737014770508,0.11655628681182861,0.07555754979451497,0.37263546671186176,0.8501240643994624,0.06444668769836426,5.1967504024505615,0.17853641510009766,0.14706432819366455,0.21219070752461752,0.0,0.0,0.0,0.0,0.16000139713287354,0.0,0.0,0.12112975120544434,0.0,0.0,0.36846840381622314,0.218858003616333,0.40901637077331543,0.0,0.17570972442626953,0.0,0.0,advait,0.0,0.0971825122833252,0.0,0.0735824704170227,0.0,0.0,0.0,0.11059987545013428,0.07174038887023926,1.3802971839904785,0.0,0.0,0.0,0.0,0.0,0.0,0.0,0.0,0.0,0.0,0.0,0.0,0.0
19,0.09637761116027832,0.10452116860283746,0.09251248836517334,0.10424542427062988,0.0,0.10299348831176758,0.0,0.1211698055267334,0.0,0.0774533748626709,0.11997473239898682,0.0,0.0878448486328125,0.09818442662556966,0.12432622909545898,0.10525283813476563,0.10329866409301758,0.2736409294361971,0.17389152207222144,0.09531545639038086,0.8174409866333008,0.12906527519226074,0.11566734313964844,0.0,0.0,0.13498210906982422,0.16283297538757324,0.0,0.1725788116455078,0.206329345703125,0.5716917514801025,0.0,0.0,0.3265479803085327,0.5755661725997925,0.0,0.14598894119262695,0.0,0.17730164527893066,0.16759514808654785,0.3539719581604004,advait,0.0,0.0944218635559082,0.0,0.08350968360900879,0.0,0.0,0.0,0.1289825439453125,0.0,0.0,0.0,0.0,0.0,0.0,0.0,0.0,0.0,0.0,0.0,0.0,0.0,0.0,0.0
20,0.11865860223770142,0.10185281435648601,0.1167992353439331,0.056118130683898926,0.0,0.11501312255859375,0.0,0.08143922260829381,0.0,0.0,0.09721076488494873,0.0,0.11178088188171387,0.049560546875,0.1411405404408773,0.13845038414001465,0.10382068157196045,0.2870455955972477,0.32945905197006814,0.023193359375,2.1211020946502686,0.14759302139282227,0.10407471656799316,0.1287813981374105,0.0,0.0,0.20477914810180664,0.132790207862854,0.0,0.17698705196380615,0.20057439804077148,0.0,0.14339733123779297,0.0,0.7632861137390137,0.0,0.0,0.0,0.0,0.0,0.15845513343811035,advait,0.10933041572570801,0.0,0.0,0.06766740481058757,0.0,0.0,0.08305501937866211,0.0,0.0,0.5685486793518066,0.0,0.0,0.0,0.0,0.0,0.0,0.0,0.0,0.0,0.0,0.0,0.0,0.0
21,0.1080937385559082,0.09494887698780406,0.09363261858622234,0.10302615165710449,0.0,0.10528302192687988,0.08426892757415771,0.11410284042358398,0.0,0.0,0.13102245330810547,0.13351809978485107,0.09400831328497992,0.10896134376525879,0.1181025505065918,0.11447970072428386,0.10606622695922852,0.2725623967696209,0.17261338059376807,0.08111429214477539,0.7872226238250732,0.11257529258728027,0.12850868701934814,0.0,0.365246057510376,0.19622302055358887,0.15735459327697754,0.0,0.18075990676879883,0.0,0.27777838706970215,0.0,0.0,0.20666241645812988,0.5285539627075195,0.0,0.6290059089660645,0.0,0.0,0.17770028114318848,0.0,advait,0.0,0.0,0.0,0.0,0.0,0.1319575309753418,0.0,0.10259318351745605,0.0,0.0,0.0,0.0,0.0,0.0,0.0,0.0,0.0,0.0,0.0,0.0,0.0,0.0,0.0
22,0.09717893600463867,0.0907332420349121,0.09467013676961263,0.10213088989257812,0.09689724445343018,0.09760481119155884,0.09070992469787598,0.10909159978230794,0.0834054946899414,0.0,0.0901803970336914,0.103890061378479,0.11643224954605103,0.0,0.11626644134521484,0.11185836791992188,0.10331165790557861,0.3308549024620835,0.5680176636336356,0.07900452613830566,3.9872615337371826,0.2631661891937256,0.11507924397786458,0.0,0.7682323455810547,0.10400581359863281,0.0,0.0,0.1960599422454834,0.0,0.25658679008483887,0.12287521362304688,0.0,0.0,0.447277307510376,0.0,0.5534465312957764,0.4988682270050049,0.0,0.0,0.0,advait,0.0,0.0,0.0,0.0,0.0,0.1167592207590739,0.0,0.10261130332946777,0.0,0.642592191696167,0.0,0.0,0.0,0.0,0.0,0.0,0.0,0.0,0.0,0.0,0.0,0.0,0.0
23,0.11705083847045898,0.09118598699569702,0.0,0.0,0.0,0.11319102181328668,0.07854080200195312,0.09483146667480469,0.1345440149307251,0.09623122215270996,0.09125185012817383,0.1269234816233317,0.09311755498250325,0.08466601371765137,0.12147291501363118,0.12434935569763184,0.11618757247924805,0.2559205317983822,0.16756588837344927,0.06705665588378906,0.6896631717681885,0.13274621963500977,0.16149187088012695,0.09251260757446289,0.0,0.1254103183746338,0.0,0.06705665588378906,0.0,0.21753144264221191,0.23932743072509766,0.0,0.12646818161010742,0.30849599838256836,0.0,0.3231635093688965,0.0,0.0,0.16261792182922363,0.0,0.1836559772491455,advait,0.12660455703735352,0.0895085334777832,0.0,0.06732571125030518,0.0,0.0,0.08105158805847168,0.13385844230651855,0.06333661079406738,0.0,0.0,0.0,0.0,0.0,0.0,0.0,0.0,0.0,0.0,0.0,0.0,0.0,0.0
24,0.11259040832519532,0.0959169864654541,0.09957691033681233,0.0,0.08660149574279785,0.10792293548583984,0.08934605121612549,0.0,0.0,0.0,0.13823950290679932,0.14065814018249512,0.09312025705973308,0.0,0.12964804967244467,0.0,0.09586596488952637,0.25594205759009536,0.23889871383386915,0.07147693634033203,1.3534448146820068,0.2993443012237549,0.0,0.14944092432657877,0.36862635612487793,0.15871727466583252,0.1782515048980713,0.0,0.0,0.0,0.28141260147094727,0.0,0.18851912021636963,0.0,0.0,0.0,0.0,1.3534448146820068,0.0,0.0,0.0,advait,0.0,0.0,0.0,0.06738357543945313,0.0,0.0944359302520752,0.0,0.09712576866149902,0.0,0.0,0.0,0.0,0.0,0.0,0.0,0.0,0.0,0.0,0.0,0.0,0.0,0.0,0.0
25,0.11147379875183105,0.09455248713493347,0.10663096110026042,0.12202286720275879,0.10228681564331055,0.10915322303771972,0.10117971897125244,0.11986267566680908,0.10211586952209473,0.13303518295288086,0.13136184215545654,0.1191693941752116,0.08346223831176758,0.0,0.13956027030944823,0.14088869094848633,0.12862837314605713,1.2927899749911562,7.409754601576813,0.0867772102355957,52.09357023239136,0.0,0.09856712818145752,0.12199950218200684,0.2808494567871094,0.16907858848571777,0.0,0.0,0.16501450538635254,0.17551016807556152,0.09223771095275879,0.0,0.0,0.0,52.09357023239136,0.313051700592041,0.0,0.0,0.16705107688903809,0.0,0.11737680435180664,advait,0.1191561222076416,0.0986940860748291,0.0,0.11200388272603352,0.0,0.12481880187988281,0.0,0.0,0.0,0.0,0.0,0.0,0.0,0.0,0.0,0.0,0.0,0.0,0.0,0.0,0.0,0.0,0.0
26,0.10754259427388509,0.096038818359375,0.11364543437957764,0.10350167751312256,0.0,0.11763691902160645,0.08903241157531738,0.10912740230560303,0.12395175298055013,0.0,0.12469875812530518,0.1401066780090332,0.12041020393371582,0.08803963661193848,0.12401874860127766,0.14983844757080078,0.1275932788848877,0.26222576900404326,0.20099567142234465,0.06783008575439453,0.8217108249664307,0.09756803512573242,0.11264371871948242,0.1333440144856771,0.542633056640625,0.12758731842041016,0.0,0.0,0.15662574768066406,0.0,0.0,0.14590442180633545,0.0,0.4239343007405599,0.0,0.23982763290405273,0.0,0.7282649278640747,0.17476582527160645,0.0,0.0,advait,0.12453436851501465,0.06650042533874512,0.0,0.07873177528381348,0.0,0.08557248115539551,0.09027409553527832,0.0,0.0,0.0,0.0,0.0,0.0,0.0,0.0,0.0,0.0,0.0,0.0,0.0,0.0,0.0,0.0
27,0.1180945634841919,0.11829362975226508,0.0,0.10221207141876221,0.12097024917602539,0.12498259544372559,0.1188971996307373,0.1386253833770752,0.0,0.0,0.10741615295410156,0.17746031284332275,0.11484527587890625,0.11159896850585938,0.15303119023640951,0.11371461550394694,0.11667174100875854,0.26077285104868364,0.15091076690845356,0.09161996841430664,0.7891793251037598,0.28590893745422363,0.12825167179107666,0.0,0.2705092430114746,0.19910216331481934,0.1927037239074707,0.0,0.17145371437072754,0.2268047332763672,0.2578698396682739,0.0,0.0,0.0,0.0,0.0,0.0,0.0,0.09920883178710938,0.0,0.0,advait,0.12057304382324219,0.05112409591674805,0.0,0.0907597541809082,0.0,0.0,0.09177160263061523,0.1574842929840088,0.09487509727478027,0.0,0.0,0.0,0.0,0.0,0.0,0.0,0.0,0.0,0.0,0.0,0.0,0.0,0.0
28,0.14234304428100586,0.1136782964070638,0.11190112431844075,0.11897802352905273,0.0,0.12221837043762207,0.0,0.11794209480285645,0.0,0.11097407341003418,0.11684465408325195,0.13991272449493408,0.12762746810913086,0.12400341033935547,0.129670778910319,0.09253239631652832,0.10347974300384521,0.27177418981279644,0.2171327787009091,0.09142255783081055,1.3812012672424316,0.15923571586608887,0.09597396850585938,0.10234737396240234,0.35320472717285156,0.13663220405578613,0.154677152633667,0.14234304428100586,0.0,0.20734143257141113,0.0,0.0,0.16173434257507324,0.22242414951324463,0.0,0.0,0.2996382713317871,0.6289360523223877,0.20357942581176758,0.18692779541015625,0.12854528427124023,advait,0.0507810115814209,0.13175582885742188,0.0,0.07682450612386067,0.0,0.10504293441772461,0.0,0.1395421028137207,0.0,0.0,0.0,0.0,0.0,0.0,0.0,0.0,0.0,0.0,0.0,0.0,0.0,0.0,0.0
29,0.12588024139404297,0.0984683632850647,0.1200942039489746,0.09531116485595703,0.10164523124694824,0.10828971862792969,0.0,0.09671235084533691,0.11783981323242188,0.0,0.0,0.1196505069732666,0.09781956672668457,0.0,0.12726926803588867,0.12177121639251709,0.0,0.4112193730412697,0.7366048380497772,0.07533431053161621,4.539707899093628,0.1614830493927002,0.10602188110351562,0.12083951632181804,0.48090386390686035,0.0,0.0,0.11785531044006348,0.0,0.17917847633361816,0.0,0.0,0.18457365036010742,0.0,0.15839219093322754,0.2731614112854004,0.0,0.0,0.17790842056274414,0.0,0.0,advait,0.0,0.0912013053894043,0.0,0.0721595287322998,0.0,0.08523035049438477,0.07660031318664551,0.1286768913269043,0.0,0.7730429172515869,0.0,0.0,0.0,0.0,0.0,0.0,0.0,0.0,0.0,0.0,0.0,0.0,0.0
30,0.1448662281036377,0.12331229448318481,0.11349940299987793,0.09393143653869629,0.0,0.13072752952575684,0.0,0.11980517705281575,0.13201069831848145,0.1198735237121582,0.0,0.13614177703857422,0.1226967175801595,0.09698343276977539,0.12982773780822754,0.1258265177408854,0.12102669477462769,0.24041163678071936,0.16219716346368176,0.07171940803527832,0.9598650932312012,0.10016012191772461,0.07857823371887207,0.10898816585540771,0.9598650932312012,0.0,0.16670525074005127,0.0,0.23586201667785645,0.22681546211242676,0.0,0.13421547412872314,0.0,0.0,0.3968524932861328,0.2094581127166748,0.296248197555542,0.383029580116272,0.0,0.0,0.25373005867004395,advait,0.0,0.0,0.0,0.07471666336059571,0.0,0.1118004322052002,0.0,0.1421949863433838,0.0,0.0,0.0,0.0,0.0,0.0,0.0,0.0,0.0,0.0,0.0,0.0,0.0,0.0,0.0
31,0.10568833351135254,0.122564697265625,0.0,0.12342087427775066,0.0,0.1171422004699707,0.1571507453918457,0.12211120128631592,0.12303400039672852,0.0,0.0,0.11139764785766601,0.10263246297836304,0.10149161020914714,0.1498419443766276,0.0,0.12367316087086995,0.2824237979188257,0.1896582236476816,0.07649374008178711,0.8210897445678711,0.1599794626235962,0.07649374008178711,0.0,0.43140657742818195,0.0,0.18171962102254233,0.0,0.16986457506815592,0.0,0.29530882835388184,0.0,0.0,0.21946930885314941,0.0,0.25200486183166504,0.0,0.498183012008667,0.0,0.29706907272338867,0.0,advait,0.0,0.11825132369995117,0.0,0.12215423583984375,0.0,0.11278176307678223,0.0,0.0,0.0,0.0,0.0,0.0,0.0,0.0,0.0,0.0,0.0,0.0,0.0,0.0,0.0,0.0,0.0
32,0.0,0.10237076878547668,0.11572623252868652,0.09543299674987793,0.0,0.10733315348625183,0.0,0.11939698457717896,0.13226044178009033,0.0,0.14948320388793945,0.0,0.1043541431427002,0.0,0.13732969760894775,0.10252618789672852,0.05144780874252319,0.26559819980543486,0.19184965228685855,0.026764631271362305,0.9256575107574463,0.0927286148071289,0.0,0.18254637718200684,0.0,0.16849891344706217,0.1388237476348877,0.0,0.15737247467041016,0.0,0.0,0.14952683448791504,0.1557173728942871,0.0,0.22584104537963867,0.23969817161560059,0.35320401191711426,0.0,0.0,0.0,0.0,advait,0.0,0.07195842266082764,0.0,0.09699729510716029,0.0,0.0,0.07895183563232422,0.09342408180236816,0.0,0.0,0.0,0.0,0.0,0.0,0.0,0.0,0.0,0.0,0.0,0.0,0.0,0.0,0.0
33,0.0962671438852946,0.11256074905395508,0.08685755729675293,0.10411274433135986,0.0,0.12027196884155274,0.10313622156778972,0.12434643507003784,0.12206625938415527,0.13886237144470215,0.08955264091491699,0.11064529418945312,0.11171042919158936,0.09871196746826172,0.1472489833831787,0.14342725276947021,0.11029871304829915,0.28520010442149885,0.22934507422171344,0.04578065872192383,1.2514843940734863,0.14702141284942627,0.2832186222076416,0.38233184814453125,0.0,0.0,0.0,0.04578065872192383,0.17167258262634277,0.21300077438354492,0.2820305824279785,0.1442422866821289,0.0,0.0,0.0,0.24663877487182617,0.12430930137634277,0.681236982345581,0.0,0.18763947486877441,0.0,advait,0.0,0.0,0.0,0.08687934875488282,0.0,0.10793471336364746,0.0,0.0,0.0,0.0,0.0,0.0,0.0,0.0,0.0,0.0,0.0,0.0,0.0,0.0,0.0,0.0,0.0
34,0.13269742329915366,0.1151711642742157,0.14166581630706787,0.13457512855529785,0.0,0.1159103512763977,0.0,0.10043293237686157,0.1316091219584147,0.0,0.11307930946350098,0.12063956260681152,0.12920451164245605,0.11383175849914551,0.12787044048309326,0.111763596534729,0.1065669059753418,0.36576753733109457,0.5343979908792923,0.04973721504211426,3.2900097370147705,0.11599981784820557,0.12037646770477295,0.0,0.2863883972167969,0.12161946296691895,0.14743304252624512,0.1270453929901123,0.4922494888305664,0.0,0.0,0.0,0.15684914588928223,0.22401118278503418,0.0,0.2549968957901001,0.13408970832824707,0.695345401763916,0.2430117130279541,0.0,0.0,advait,0.0,0.1319880485534668,0.0,0.12435531616210938,0.0,0.10960626602172852,0.0,0.0,0.10570764541625977,0.8996493816375732,0.0,0.0,0.0,0.0,0.0,0.0,0.0,0.0,0.0,0.0,0.0,0.0,0.0
35,0.1394287347793579,0.11816620826721191,0.11157949765523274,0.14709067344665527,0.0,0.14431285858154297,0.15691828727722168,0.1270943284034729,0.1208641529083252,0.0,0.10999667644500732,0.12823927402496338,0.09285521507263184,0.0,0.10534262657165527,0.11721968650817871,0.14273246129353842,0.2785354147152025,0.18806503157247895,0.02143239974975586,0.7939932346343994,0.4582679271697998,0.1547594666481018,0.12857675552368164,0.37383874257405597,0.1133953332901001,0.0,0.12162566184997559,0.21091008186340332,0.0,0.0,0.0,0.0,0.0,0.18853330612182617,0.24770665168762207,0.0,0.5421798229217529,0.0,0.0,0.02143239974975586,advait,0.0,0.0,0.0,0.09139013290405273,0.0,0.12005412578582764,0.09171628952026367,0.11748743057250977,0.0,0.0,0.0,0.0,0.0,0.0,0.0,0.0,0.0,0.0,0.0,0.0,0.0,0.0,0.0
36,0.10293710231781006,0.10950317978858948,0.0,0.09335041046142578,0.1423811912536621,0.120186448097229,0.0,0.11374342441558838,0.10655218362808228,0.0631873607635498,0.09882378578186035,0.13865160942077637,0.1178573767344157,0.0,0.11714855829874675,0.10240745544433594,0.11804747581481934,0.295584114230409,0.19497343404742165,0.08393478393554688,0.7999966144561768,0.1253950595855713,0.19771718978881836,0.0,0.40228724479675293,0.0,0.0,0.11534237861633301,0.0,0.22781264781951904,0.5915429592132568,0.0,0.18992233276367188,0.0,0.0,0.0,0.0,0.0,0.0,0.0,0.0,advait,0.10747766494750977,0.0,0.0,0.0718686580657959,0.0,0.11321687698364258,0.07810735702514648,0.0,0.0,0.0,0.0,0.0,0.0634620189666748,0.0,0.0,0.0,0.0,0.0,0.0,0.0,0.0,0.0,0.0
37,0.10561637083689372,0.11439145935906304,0.0,0.13205814361572266,0.11367833614349365,0.12525407473246256,0.12361407279968262,0.1315147876739502,0.07923364639282227,0.11140263080596924,0.11371064186096191,0.124664306640625,0.15578699111938477,0.12122833728790283,0.13497507572174072,0.06563568115234375,0.09311970074971516,0.2602165718467868,0.20003847602595815,0.08623838424682617,1.2044174671173096,0.13864564895629883,0.0,0.0,0.554955005645752,0.1512775421142578,0.14228367805480957,0.15107011795043945,0.15772604942321777,0.20889973640441895,0.0,0.0,0.1940319538116455,0.25542163848876953,0.0,0.0,0.0,0.0,0.0,0.0,0.0,advait,0.11628246307373047,0.0,0.0,0.0,0.0,0.13504767417907715,0.0,0.1314706802368164,0.10660326480865479,0.0,0.0,0.0,0.0,0.0,0.0,0.0,0.0,0.0,0.0,0.0,0.0,0.0,0.0
38,0.12676564852396646,0.1159704327583313,0.1040034294128418,0.0,0.08781838417053223,0.11187100410461426,0.0,0.10724719365437825,0.12717294692993164,0.0,0.0,0.10971538225809734,0.1094131867090861,0.1024160385131836,0.13361740112304688,0.0,0.1293489933013916,0.764531252335529,2.4899440786159115,0.08229923248291016,16.26778793334961,0.0934598445892334,0.14550447463989258,0.160383939743042,0.47763121128082275,0.0,0.20706915855407715,0.10156655311584473,0.0,0.0,0.0,0.0,0.13899445533752441,0.31041955947875977,0.0,0.22569680213928223,0.33753204345703125,0.0,0.0,0.20547211170196533,0.0,advait,0.12024188041687012,0.10118961334228516,0.0,0.0810437798500061,0.0,0.0,0.09671521186828613,0.1122664213180542,0.09212613105773926,0.6811156272888184,0.0,0.0,0.0,0.0,0.0,0.0,0.0,0.0,0.0,0.0,0.0,0.0,0.0
39,0.12340116500854492,0.11070370674133301,0.0,0.0,0.0,0.11070479665483747,0.11713671684265137,0.12018780708312989,0.0,0.1325855255126953,0.04861712455749512,0.0,0.09547865390777588,0.11621379852294922,0.16449874639511108,0.11597164471944173,0.0,0.32678152590381854,0.3420709520644501,0.04738163948059082,2.3274152278900146,0.12036895751953125,0.16416335105895996,0.13939428329467773,0.0,0.1197664737701416,0.0,0.0,0.0,0.0,0.0,0.0,0.16851425170898438,0.0,0.0,0.0,0.0,0.0,0.0,0.0,0.0,advait,0.10965752601623535,0.0,0.0,0.05483269691467285,0.0,0.0,0.0,0.0,0.15477561950683594,0.8001043001810709,0.0,0.0,0.0,0.08678174018859863,0.09546816349029541,0.0,0.0,0.0,0.0,0.0,0.0,0.0,0.0
40,0.10179400444030762,0.11201310157775879,0.0,0.0,0.0,0.1486726999282837,0.0697166919708252,0.13377106189727783,0.0,0.0,0.10944628715515137,0.0,0.09615659713745117,0.10234427452087402,0.1478288173675537,0.12316226959228516,0.0,0.48370978236198425,0.6237461594330415,0.019586563110351562,3.5030572414398193,0.0,0.35804128646850586,0.22319793701171875,0.0,0.0,0.0,0.0,0.0,0.0,0.0,0.0,0.1810309886932373,0.0,0.0,0.0,0.0,0.0,0.0,0.0,0.0,advait,0.11236333847045898,0.0,0.0,0.10384257634480794,0.13848638534545898,0.0,0.13818645477294922,0.0,0.09937930107116699,0.47864049673080444,0.0,0.0,0.0,0.022223472595214844,0.0,0.1059577465057373,0.14630091190338135,0.8802177906036377,0.4103214740753174,0.14302587509155273,0.16313934326171875,0.0,0.0
41,0.15631139278411865,0.11852380964491102,0.1429600715637207,0.17110776901245117,0.0,0.1738608479499817,0.13547635078430176,0.2157560189565023,0.1511760950088501,0.18940536181131998,0.10325610637664795,0.17640018463134766,0.13661587238311768,0.15731275081634521,0.2911550998687744,0.16780030727386475,0.17251312732696533,0.3070980869993872,0.25137738057618103,0.05170106887817383,0.9635753631591797,0.17546772956848145,0.16035962104797363,0.0,0.0,0.0,0.0,0.11412501335144043,0.19452786445617676,0.10508847236633301,0.0,0.11188578605651855,0.0,0.49665284156799316,0.36667752265930176,0.0,0.1597278118133545,0.7001820802688599,0.178236722946167,0.5655539035797119,0.0,chetan,0.15931713581085205,0.13226115703582764,0.0,0.0,0.0,0.198394775390625,0.0,0.0,0.2457573413848877,0.0,0.0,0.0,0.0,0.0,0.0,0.0,0.0,0.0,0.0,0.0,0.0,0.0,0.0
42,0.17115608851114908,0.11555624008178711,0.17711091041564941,0.0,0.0,0.17586263020833334,0.15285897254943848,0.19761013984680176,0.1430943806966146,0.17962872982025146,0.15861952304840088,0.2091507911682129,0.14232349395751953,0.13203942775726318,0.16841506958007812,0.19291973114013672,0.13808894157409668,0.27224435806274416,0.26345602001195806,0.05111837387084961,1.198477029800415,0.17578446865081787,0.0,0.0,0.0,0.11461448669433594,0.0,0.09702563285827637,0.0,0.09366202354431152,0.0,0.1464235782623291,0.0,0.2264336347579956,0.42847418785095215,0.11085104942321777,0.6101891994476318,0.0,0.0,0.17388176918029785,0.0,chetan,0.0,0.11621236801147461,0.0,0.0,0.0,0.2227010726928711,0.126969575881958,0.13665568828582764,0.0,0.0,0.0,0.0,0.0,0.0,0.0,0.0,0.0,0.0,0.0,0.0,0.0,0.0,0.0
43,0.15564497311909994,0.13855757032121932,0.0,0.22323572635650635,0.0,0.18688543637593588,0.17169451713562012,0.21597162882486978,0.16534129778544107,0.21144533157348633,0.0,0.18922638893127441,0.11162197589874268,0.15254338582356772,0.18745005130767822,0.21817898750305176,0.14968371391296387,2.3459676951169968,12.565955606592082,0.05985093116760254,86.91813683509827,0.10763883590698242,0.19177788496017456,0.0,0.5354444980621338,0.0,0.1471402645111084,0.0,0.18194818496704102,0.0,0.0,0.21622562408447266,0.0,0.24293923377990723,0.2896740436553955,0.15643739700317383,0.40932655334472656,0.4560859203338623,0.0,0.0,0.0,chetan,0.0,0.0,0.0,0.0,0.18799281120300293,0.2630475362141927,0.0,0.11655592918395996,0.0,0.0,0.0,0.0,0.0,0.0,0.0,0.0,0.0,0.0,0.0,0.0,0.0,0.12975668907165527,0.27146172523498535
44,0.16132569313049316,0.125424016605724,0.0,0.14729897181193033,0.1852884292602539,0.11214728355407715,0.17387521266937256,0.18590826988220216,0.15203142166137695,0.0,0.18100035190582275,0.0,0.14727634191513062,0.0,0.24913406372070312,0.1318671703338623,0.14171236753463745,0.2231087017059326,0.13935634654066686,0.08460426330566406,0.7663331031799316,0.0,0.13769729932149252,0.0,0.0,0.13090085983276367,0.0,0.0,0.14609766006469727,0.0,0.13865947723388672,0.12103835741678874,0.0,0.0,0.23166656494140625,0.0,0.29196107387542725,0.0,0.0,0.19287705421447754,0.12392592430114746,chetan,0.10346901416778564,0.0,0.0,0.0,0.0,0.06861412525177002,0.0,0.07804751396179199,0.0,0.0,0.0,0.0,0.0,0.0,0.0,0.0,0.0,0.0,0.0,0.0,0.0,0.0,0.0
45,0.17529837290445963,0.1132889986038208,0.20159451166788736,0.23991191387176514,0.0,0.18358044624328612,0.0,0.16584181785583496,0.0,0.1792893409729004,0.155198335647583,0.1650404930114746,0.1547945737838745,0.15167665481567383,0.26394879817962646,0.2442460060119629,0.17163562774658203,0.587650876296194,1.7868517967853437,0.08865141868591309,10.948235750198364,0.0,0.18148064613342285,0.0,0.0,0.15872955322265625,0.0,0.1368110179901123,0.23646807670593262,0.09721076488494873,0.0,0.0,0.1468135118484497,0.2597651481628418,0.0,0.0,0.0,0.7964930534362793,0.15096592903137207,0.0,0.0,chetan,0.0,0.15755867958068848,0.0,0.0,0.1762526035308838,0.21827054023742676,0.0,0.0,0.25799107551574707,0.0,0.0,0.0,0.0,0.0,0.0,0.0,0.0,0.0,0.0,0.0,0.0,0.14197373390197754,0.42229557037353516
46,0.14918746948242187,0.14408808284335667,0.1382662057876587,0.14040446281433105,0.0,0.1596837838490804,0.14731558163960776,0.1291654109954834,0.10616254806518555,0.0,0.13293798764546713,0.22119879722595215,0.1310545802116394,0.11749571561813354,0.14676952362060547,0.18308019638061523,0.1399552822113037,0.1372367557214231,0.08172481144564277,0.032769203186035156,0.394366979598999,0.079475998878479,0.0,0.0,0.10007333755493164,0.15209949016571045,0.043022990226745605,0.0,0.24538660049438477,0.0,0.15409445762634277,0.09545040130615234,0.08330988883972168,0.1747736930847168,0.10511326789855957,0.27684569358825684,0.10014700889587402,0.0,0.0449066162109375,0.07227683067321777,0.08859729766845703,gayaa,0.0,0.12275409698486328,0.0,0.1728515625,0.0,0.0,0.0,0.13529276847839355,0.11590909957885742,0.0,0.0,0.0,0.0,0.0,0.0,0.0,0.0,0.0,0.0,0.0,0.0,0.0,0.0
47,0.1898355484008789,0.12766502120278098,0.1499263048171997,0.1379406452178955,0.10140228271484375,0.13639044761657715,0.14212775230407715,0.11958630879720052,0.0,0.12854886054992676,0.14029343922932944,0.14437508583068848,0.13281339406967163,0.0,0.15730891227722169,0.0,0.12613320350646973,0.12071708679199218,0.050447013879772996,0.03804469108581543,0.2640035152435303,0.09448957443237305,0.07391750812530518,0.0,0.0,0.09630036354064941,0.07160043716430664,0.0,0.0,0.0,0.0,0.0,0.08721733093261719,0.0,0.0,0.0,0.0,0.15279030799865723,0.1565563678741455,0.0936124324798584,0.13596773147583008,gayaa,0.0,0.1403331756591797,0.0,0.0,0.0,0.14100241661071777,0.0,0.1332859992980957,0.0,0.0,0.0,0.0,0.0,0.0,0.0,0.0,0.0,0.0,0.0,0.0,0.0,0.0,0.0
48,0.0,0.1313798427581787,0.11752653121948242,0.0,0.0,0.12926268577575684,0.0,0.1465442180633545,0.0,0.0,0.0,0.0,0.0,0.0,0.08563494682312012,0.08266806602478027,0.13436996936798096,0.818229529592726,1.8964675875337198,0.048696041107177734,6.491043329238892,0.0,0.0,0.0,0.0,0.0,0.08511054515838623,0.0,0.0,0.0,0.0,0.0,0.0,0.0,0.22411203384399414,0.0,0.0,0.0,0.0,0.0,0.0889425277709961,gayaa,0.0,0.13159704208374023,0.0,0.0,0.0,0.14163851737976074,0.11226058006286621,0.0,0.0,0.0,0.0,0.0,0.0,0.0,0.0,0.0,0.0,0.0,0.0,0.0,0.0,0.12509703636169434,0.674073338508606
49,0.10772037506103516,0.10297452078925239,0.08750021457672119,0.1460806131362915,0.1421060562133789,0.1097574234008789,0.05352139472961426,0.08909273147583008,0.12472399075826009,0.0,0.13199853897094727,0.11178255081176758,0.14109349250793457,0.1033029556274414,0.13160598278045654,0.029018402099609375,0.1427001953125,0.23395182648483587,0.20182687008759942,0.06731033325195312,1.30324125289917,0.1475973129272461,0.0,0.0,0.0,0.0,0.6325838565826416,0.0,0.0,0.0,0.0,0.16468703746795654,0.0,0.641911506652832,0.20801353454589844,0.0,0.33639049530029297,0.0,0.16948342323303223,0.0,0.1641101837158203,purva,0.09107009569803874,0.1534261703491211,0.0,0.0,0.0,0.11799287796020508,0.0,0.12491059303283691,0.10909688472747803,0.0,0.0,0.0,0.0,0.0,0.0,0.0,0.0,0.0,0.0,0.0,0.0,0.0,0.0
50,0.11947305997212727,0.09230393171310425,0.14719661076863608,0.1439957618713379,0.0,0.09485469545636858,0.0,0.1001886526743571,0.12157902717590333,0.0,0.10655021667480469,0.13023793697357178,0.13708949089050293,0.14990448951721191,0.1353456974029541,0.0,0.11825025081634521,0.24061602115631103,0.19156845967409647,0.07849359512329102,0.8675355911254883,0.1609179973602295,0.1632673740386963,0.0,0.19068479537963867,0.18997621536254883,0.5332856178283691,0.14927101135253906,0.0,0.21844959259033203,0.33206820487976074,0.10689640045166016,0.184920072555542,0.2159867286682129,0.0,0.20725226402282715,0.22211694717407227,0.6402199268341064,0.0,0.0,0.22165429592132568,purva,0.0,0.1688234806060791,0.0,0.1648268699645996,0.0,0.1395549774169922,0.0,0.1477034091949463,0.06537032127380371,0.0,0.0,0.0,0.0,0.0,0.0,0.0,0.0,0.0,0.0,0.0,0.0,0.0,0.0
51,0.09448838233947754,0.10057152642144097,0.14975929260253906,0.14542031288146973,0.0,0.11434121131896972,0.0900423526763916,0.10716229677200317,0.0,0.0,0.09437934557596843,0.0,0.1683424711227417,0.16048272450764975,0.12752445538838705,0.11487388610839844,0.14464322725931802,1.2635820557673771,6.860302311198118,0.08556914329528809,47.711491107940674,0.0,0.22160935401916504,0.0,0.0,0.18521928787231445,0.0,0.13805127143859863,0.17932677268981934,0.14430618286132812,0.2941638231277466,0.0,0.0,0.10520696640014648,0.0,0.0,0.0,0.0,0.2122044563293457,0.12874460220336914,0.0,purva,0.10979080200195312,0.11697045962015788,0.0,0.0,0.16402506828308105,0.0,0.0,0.09959650039672852,0.0,0.0,0.0,0.0,0.0,0.0,0.0,0.0,0.0,0.0,0.0,0.0,0.0,0.2671928405761719,0.4091951847076416
52,0.0,0.09688334465026856,0.12455377578735352,0.11984825134277344,0.10622406005859375,0.1237902045249939,0.0,0.07921695709228516,0.11745142936706543,0.09661126136779785,0.06526768207550049,0.10844707489013672,0.16175377368927002,0.14520525932312012,0.15536842346191407,0.134138822555542,0.15876007080078125,0.2483249975710499,0.22237574402325938,0.07786297798156738,1.2038872241973877,0.14257144927978516,0.0,0.0,0.19609737396240234,0.0,0.0,0.0,0.18374156951904297,0.0,0.24630701541900635,0.0,0.1970200538635254,0.20691156387329102,0.2094736099243164,0.19832897186279297,0.0,0.0,0.126930832862854,0.11577105522155762,0.11146020889282227,purva,0.11401987075805664,0.09937715530395508,0.0,0.0,0.0,0.0,0.0,0.0,0.0,0.0,0.0,0.0,0.0,0.0,0.0,0.0,0.0,0.0,0.0,0.0,0.0,0.0,0.0
53,0.11121471722920735,0.09946592648824056,0.0,0.15561091899871826,0.16167426109313965,0.103863924741745,0.07187581062316895,0.09364489714304607,0.14825129508972168,0.0,0.09786462783813477,0.10770177841186523,0.11723387241363525,0.0,0.13261683781941733,0.1041114330291748,0.16066765785217285,0.20848228980083855,0.11466597968998912,0.07598543167114258,0.6315927505493164,0.14186930656433105,0.13377761840820312,0.4194037914276123,0.26648712158203125,0.0,0.25993895530700684,0.11105823516845703,0.0,0.14143896102905273,0.2261490821838379,0.11238741874694824,0.0,0.0,0.17755842208862305,0.0,0.17968416213989258,0.0,0.0,0.18781113624572754,0.0,purva,0.09927678108215332,0.0,0.0,0.14965128898620605,0.0,0.0,0.0,0.16616010665893555,0.0,0.0,0.0,0.0,0.0,0.0,0.0,0.0,0.0,0.0,0.0,0.0,0.0,0.0,0.0
54,0.06746673583984375,0.10274481773376465,0.19246482849121094,0.0,0.16618704795837402,0.0,0.0,0.09055542945861816,0.12149238586425781,0.0,0.11191368103027344,0.1367194652557373,0.14533090591430664,0.13485491275787354,0.11611700057983398,0.11595797538757324,0.0,0.5216868573969061,1.0211036850651336,0.06786561012268066,4.8676369190216064,0.0,0.12557268142700195,0.0,0.3505222797393799,0.17328739166259766,0.0,0.0,0.0,0.0,0.2154560089111328,0.0,0.0,0.0,0.0,0.24393677711486816,0.0,0.0,0.0,0.0,0.0,purva,0.0,0.0,0.0,0.0,0.11823368072509766,0.18830299377441406,0.0,0.15346121788024902,0.0,0.0,0.0,0.0,0.0,0.0,0.0,0.0,0.0,0.0,0.0,0.0,0.0,0.36287593841552734,0.8746635913848877
55,0.12288916110992432,0.13156461715698242,0.09816431999206543,0.09216976165771484,0.0,0.11802566051483154,0.0999298095703125,0.07668709754943848,0.08448910713195801,0.11485767364501953,0.11938774585723877,0.0,0.07471084594726562,0.0,0.12523253758748373,0.09144353866577148,0.09086265563964843,0.19339575572889678,0.12380584229991606,0.01657867431640625,0.6026706695556641,0.07266863187154134,0.0,0.1174161434173584,0.0,0.01657867431640625,0.1306600570678711,0.13306808471679688,0.32682371139526367,0.11227250099182129,0.3727843761444092,0.26393747329711914,0.24404454231262207,0.0,0.0,0.0,0.6026706695556641,0.0,0.0,0.0,0.1250218152999878,siddhant,0.0,0.0,0.0,0.06819325685501099,0.0,0.0,0.06942892074584961,0.12096595764160156,0.11773347854614258,0.0,0.0,0.0,0.0,0.0,0.0,0.0,0.0,0.0,0.0,0.0,0.0,0.0,0.0
56,0.14965546131134033,0.12423632144927979,0.0,0.08184814453125,0.11769509315490723,0.15274171829223632,0.12381291389465332,0.07927346229553223,0.08855128288269043,0.12405431270599365,0.14999914169311523,0.11666385332743327,0.0904088815053304,0.09776425361633301,0.10996055603027344,0.12766448656717935,0.08082809448242187,0.211200407573155,0.1138413160207651,0.06347990036010742,0.6259336471557617,0.15279948711395264,0.12505173683166504,0.0,0.19167566299438477,0.10843586921691895,0.26327764987945557,0.17946648597717285,0.22869610786437988,0.16679859161376953,0.5819100141525269,0.0,0.0,0.0,0.43708062171936035,0.0,0.0,0.0,0.0,0.0,0.0,siddhant,0.0,0.0,0.0,0.0,0.0,0.0,0.0,0.06755828857421875,0.07966399192810059,0.0,0.0,0.0,0.0,0.0,0.0,0.0,0.0,0.0,0.0,0.0,0.0,0.0,0.0
57,0.18233239650726318,0.11752693993704659,0.059910595417022705,0.09829942385355632,0.0,0.176682710647583,0.08252263069152832,0.10644650459289551,0.07019460201263428,0.0,0.0,0.10228578249613444,0.08797311782836914,0.0738675594329834,0.10360956192016602,0.12067508697509766,0.07689348856608073,0.34051247530205303,0.7153270633598026,0.04940366744995117,4.789527177810669,0.0,0.0,0.0,0.0,0.0,0.0965338945388794,0.1724940538406372,0.32036495208740234,0.11604142189025879,0.1883087158203125,0.17054319381713867,0.0,0.0,0.43311429023742676,0.21588492393493652,0.6077930927276611,0.0,0.2324070930480957,0.0,0.0,siddhant,0.1048438549041748,0.1472012996673584,0.0,0.0,0.12288284301757812,0.0,0.0,0.06914401054382324,0.051610469818115234,0.0,0.0,0.0,0.0,0.0,0.0,0.0,0.0,0.0,0.0,0.0,0.0,0.0,0.0
